Title,Price,BSR,Brand,Date
Last debate benefit similar,20.67,23112,Jordan-Wright,2025-03-19
Both age paper character unit manage card,21.9,138393,Alexander-Soto,2025-02-20
Certainly Democrat several street those reach Democrat,15.68,396123,"Klein, Jordan and Mack",2025-03-20
Prepare begin knowledge product low door develop sister,14.23,398323,Torres and Sons,2025-03-12
So one more game south son,23.71,55580,Perez Ltd,2025-04-14
Wait again experience south,20.09,26663,Robertson-Kennedy,2025-04-27
Cell discussion think,13.36,124629,Schwartz-Barr,2025-03-25
Certain word generation east join agency,15.79,325631,Weiss-Morales,2025-05-06
Keep describe southern up magazine material serve require,13.32,114248,"Barnes, Howard and Wilson",2025-03-19
Interview care card anything,21.59,377696,Tucker-Adams,2025-04-09
Later anyone easy expect official fear,19.54,125574,"Johnson, Swanson and Miller",2025-01-12
So only TV spring require action,18.39,155852,Williams-Meyer,2025-04-08
Sure account parent maybe create,22.71,13407,"Anderson, Kennedy and Anderson",2025-03-07
Race actually concern follow throughout occur number,22.11,93707,Anderson Ltd,2025-03-12
Pattern gun result apply,21.38,188389,Cain-Sparks,2025-05-06
Budget provide pick myself such fight admit,16.33,122886,Jimenez-Marshall,2025-05-03
Fire late worker dog dream media,24.49,186472,Hernandez-Herrera,2025-02-01
News interest but play than,14.23,209191,"Allen, Jacobs and Johnson",2025-03-28
Democrat win view example,14.16,454331,Mills-Obrien,2025-04-02
Must available strong during,17.13,148685,Briggs-Allen,2025-03-25
Born learn occur,22.69,392589,"Smith, Bean and Hancock",2025-01-16
Without push himself man,18.51,75444,Cross PLC,2025-03-19
Space hope far success against parent each,24.68,208461,Ryan-Williams,2025-04-17
Throughout man he already approach simply,13.95,163709,"Montgomery, Lambert and Zhang",2025-03-26
Dinner college strong finally position common,22.95,334282,Williamson PLC,2025-04-26
Media worry tend production share report indeed,23.63,199600,Burke-Lowery,2025-02-20
Sound young name follow daughter democratic,19.93,379398,"Rogers, King and Adams",2025-02-03
Player still line dark many,13.83,356692,"Johnson, Rose and Campos",2025-02-01
Through a space present rate court activity,15.73,161722,Elliott-Arnold,2025-04-11
Though moment market laugh,24.82,458432,Wright-Haney,2025-03-03
Note movement high heavy,15.79,62953,"Mora, Andrews and Andrews",2025-04-25
Owner she peace nearly military peace out culture,17.56,247717,Robinson Inc,2025-01-02
Series process American enough,20.63,201277,Dixon-Montgomery,2025-02-14
I election item view,14.95,196264,"Taylor, Martinez and Bell",2025-02-16
Ago expect record such,15.51,149973,Montgomery-Case,2025-03-20
See next concern decide wide,21.42,368375,"Arias, Fields and Fisher",2025-04-16
Quality certain medical fast store,20.78,329360,King-Burns,2025-02-17
Anything task song,20.62,290043,Bowman-Terry,2025-04-13
Up generation stuff system,21.75,95669,"Tanner, Randall and Carter",2025-01-03
Side along senior else anything food body religious,18.55,151530,Fox Group,2025-04-19
Tax nation feel miss,24.87,345544,"Shah, Bailey and Jones",2025-02-22
Air management half deal run,21.26,125141,Rosales Inc,2025-01-04
Challenge entire camera oil,21.22,451897,"Mora, Craig and Foster",2025-01-21
Thought point build,22.22,39327,"Torres, Zuniga and Schmitt",2025-03-13
Serious military stay together per lead,15.75,26829,Nelson Ltd,2025-02-23
Determine without participant push ready,22.66,220325,Clayton-Schmidt,2025-05-06
Kitchen statement weight prepare friend mouth affect report,16.21,120615,Harrington-Lee,2025-05-07
Myself four benefit effort wait,23.96,307365,Hall-Leonard,2025-02-16
Hair your particular matter bank lose,23.52,174981,Dean PLC,2025-02-28
Clear mission end ok,15.55,271740,Wall-Kerr,2025-01-21
Always west today,17.75,489486,Mcguire-Browning,2025-04-12
Consumer no degree world financial mean morning,20.71,84905,"Bell, Mullins and Ballard",2025-03-31
Level worry American look run unit hospital,16.18,139303,"Cameron, Howell and Paul",2025-03-21
Main operation here kitchen enough though move,21.94,292579,"Guzman, Osborne and Jones",2025-03-31
Worry garden billion former own name,16.15,316491,Lane-Horn,2025-01-15
Feeling officer bad letter evidence toward number,18.14,315939,Holmes-Alexander,2025-03-06
Civil newspaper beautiful present effort full,17.79,124987,Porter Ltd,2025-02-26
Trouble rise mean,24.97,82525,"Fox, Atkins and Martin",2025-03-26
Business mind move evidence worry reason charge situation,19.11,57662,"Jackson, Lowery and Lloyd",2025-04-07
Enjoy public over purpose,22.07,461465,Peters-Rogers,2025-01-29
Language deal machine,14.32,338962,"Allen, Webb and Price",2025-02-17
Respond this position better effort,14.92,366768,Johnson Ltd,2025-01-25
Say building southern think season,18.07,43306,Watts-Schroeder,2025-04-23
Skin road political industry need necessary,17.62,322417,"Young, Lewis and Campbell",2025-01-11
Entire research take along,24.95,287408,Lester Group,2025-03-16
Line production popular who,16.02,300049,Frederick-Rivera,2025-02-01
Federal debate expect free suddenly good sell Mrs,23.33,16019,Garcia Inc,2025-02-06
Building cost nation various such us almost,21.16,70058,Bean-Eaton,2025-01-26
World relate life key take many capital respond,21.18,291527,"Christensen, James and Adams",2025-03-26
Role offer situation cause from mean size,22.01,412967,Kelley PLC,2025-01-25
Lose shoulder check decade history back wait,20.69,68485,Hale-Freeman,2025-03-14
Go and various already heavy become,16.52,92920,"Smith, Hernandez and Russell",2025-02-21
Better year society spring social home affect,18.44,388584,Moore-Robinson,2025-02-06
System box nation activity out attorney,23.51,148091,Gonzalez Inc,2025-01-15
Believe force anyone sometimes if with,24.66,409487,Mcfarland Group,2025-05-06
Push film interesting reduce together fill you,15.14,488479,Taylor-Woodward,2025-04-02
Impact wonder exist game,14.28,337837,Nixon Inc,2025-01-17
While since example significant story minute,16.58,344993,Patterson LLC,2025-03-25
Material man enough computer,19.09,114286,Love and Sons,2025-01-02
Despite arrive live available be,14.83,409775,James LLC,2025-03-29
Yes star fear us,14.94,418224,"Coleman, Calhoun and Lowe",2025-04-13
Eight run food popular staff always decade,24.07,491555,Edwards-Lopez,2025-01-19
Commercial medical war consumer,13.01,179951,Hess and Sons,2025-03-10
Participant general particular issue when fear,18.86,68650,Armstrong-Barber,2025-01-26
Street early oil woman well put trouble sing,24.15,470703,Craig Inc,2025-01-27
Couple second feel big good major,24.82,432982,Jackson Ltd,2025-03-01
Natural agree become whatever fill,16.69,40369,"Johnson, Cruz and Martin",2025-01-29
Side expert key must himself,15.89,307458,Arnold-Huffman,2025-03-15
Make this surface wish,24.36,54907,Smith-Young,2025-01-19
Design consumer major end girl discussion woman Republican,21.78,437831,"Freeman, Smith and Lee",2025-04-09
Throughout air fund scientist just about doctor,13.83,408774,Lewis-Meyers,2025-03-24
Local teach local imagine,19.39,75934,"Francis, Hamilton and Atkins",2025-03-10
Admit prepare recent green Republican fine,14.54,259184,"Vaughn, King and Friedman",2025-01-09
Same season six safe,24.36,96574,"Blair, Johnson and Goodwin",2025-02-17
Treatment responsibility clearly enter,16.18,467406,Craig-Smith,2025-03-20
Star different return remain since,20.28,121043,Gibbs-Clements,2025-02-27
But treat gas same us officer,24.15,405976,"Mendoza, Leon and Lester",2025-01-09
Clearly perform energy everybody newspaper offer moment,21.76,115461,"Conway, Holloway and Sosa",2025-05-09
Mrs threat structure,21.56,219186,Chang LLC,2025-02-03
Sea election arm address institution budget,24.94,350723,Moore Group,2025-05-03
